{"accuracy": [0.3333333432674408, 0.5333333611488342, 0.4000000059604645, 0.9333333373069763, 0.6666666865348816, 0.800000011920929, 0.800000011920929, 1.0, 1.0, 0.9333333373069763], "loss": [1.135816216468811, 2.882474660873413, 1.2189476490020752, 0.3644194006919861, 0.9376596212387085, 0.6337102651596069, 0.46294480562210083, 0.07281550765037537, 0.0966925323009491, 0.1281643658876419], "val_accuracy": [0.5333333611488342, 0.4000000059604645, 0.9333333373069763, 0.6666666865348816, 0.800000011920929, 0.800000011920929, 1.0, 1.0, 0.9333333373069763, 1.0], "val_loss": [2.882474660873413, 1.2189476490020752, 0.3644194006919861, 0.9376596808433533, 0.6337103247642517, 0.46294477581977844, 0.07281550019979477, 0.09669254720211029, 0.1281643509864807, 0.04656689241528511]}